{
	"info": {
		"_postman_id": "82527234-2ca1-45b2-b439-dad960fc67b3",
		"name": "ENDPOINT COMMENTS",
		"schema": "https://schema.getpostman.com/json/collection/v2.1.0/collection.json"
	},
	"item": [
		{
			"name": "Request contenga cabecera Server",
			"event": [
				{
					"listen": "test",
					"script": {
						"exec": [
							"pm.test(\"Que contenga el servidor en la cabecera\", function()\r",
							"{\r",
							"pm.response.to.have.header(\"Server\");\r",
							"}\r",
							");\r",
							"\r",
							""
						],
						"type": "text/javascript"
					}
				}
			],
			"protocolProfileBehavior": {
				"disableBodyPruning": true,
				"strictSSL": true
			},
			"request": {
				"method": "GET",
				"header": [],
				"body": {
					"mode": "raw",
					"raw": "",
					"options": {
						"raw": {
							"language": "json"
						}
					}
				},
				"url": {
					"raw": "{{AuthApi}}{{com}}/10",
					"host": [
						"{{AuthApi}}{{com}}"
					],
					"path": [
						"10"
					]
				}
			},
			"response": []
		},
		{
			"name": "Request tiempo de respuesta",
			"event": [
				{
					"listen": "test",
					"script": {
						"exec": [
							"pm.test(\"Request tiempo de respuesta\", function()\r",
							"{\r",
							"pm.expect(pm.response.responseTime).to.be.below(100)\r",
							"}\r",
							");\r",
							"\r",
							"\r",
							""
						],
						"type": "text/javascript"
					}
				}
			],
			"protocolProfileBehavior": {
				"disableBodyPruning": true
			},
			"request": {
				"method": "GET",
				"header": [],
				"body": {
					"mode": "raw",
					"raw": "",
					"options": {
						"raw": {
							"language": "json"
						}
					}
				},
				"url": {
					"raw": "{{AuthApi}}{{com}}/1",
					"host": [
						"{{AuthApi}}{{com}}"
					],
					"path": [
						"1"
					]
				}
			},
			"response": []
		}
	]
}