{
	"info": {
		"_postman_id": "e94dad0f-2888-4598-bd8f-68b304401a36",
		"name": "ENDPOINT POSTS",
		"schema": "https://schema.getpostman.com/json/collection/v2.1.0/collection.json"
	},
	"item": [
		{
			"name": "Request validacion de JSON",
			"event": [
				{
					"listen": "test",
					"script": {
						"exec": [
							"pm.test(\"Request validacion de JSON\", function()\r",
							"{\r",
							"var jsonData = pm.response.json();\r",
							"pm.expect(jsonData.userID).to.eql(1);\r",
							"}\r",
							");\r",
							"\r",
							""
						],
						"type": "text/javascript"
					}
				}
			],
			"protocolProfileBehavior": {
				"disableBodyPruning": true
			},
			"request": {
				"method": "GET",
				"header": [],
				"body": {
					"mode": "raw",
					"raw": "",
					"options": {
						"raw": {
							"language": "json"
						}
					}
				},
				"url": {
					"raw": "{{AuthApi}}{{user}}/10",
					"host": [
						"{{AuthApi}}{{user}}"
					],
					"path": [
						"10"
					]
				}
			},
			"response": []
		},
		{
			"name": "Request validacion carateres speciales",
			"event": [
				{
					"listen": "test",
					"script": {
						"exec": [
							"pm.test(\"Reques validacion caracteres especiales\", function()\r",
							"{\r",
							"var jsonData = pm.response.json();\r",
							"pm.expect(jsonData.body).to.not.contains(\"*\")\r",
							"}\r",
							");\r",
							"\r",
							"\r",
							""
						],
						"type": "text/javascript"
					}
				}
			],
			"protocolProfileBehavior": {
				"disableBodyPruning": true
			},
			"request": {
				"method": "GET",
				"header": [],
				"body": {
					"mode": "raw",
					"raw": "",
					"options": {
						"raw": {
							"language": "json"
						}
					}
				},
				"url": {
					"raw": "{{AuthApi}}{{post}}/1",
					"host": [
						"{{AuthApi}}{{post}}"
					],
					"path": [
						"1"
					]
				}
			},
			"response": []
		}
	]
}