{
	"info": {
		"_postman_id": "80553571-1ab3-489c-829a-766aee145fee",
		"name": "ENDPOINT USERS",
		"schema": "https://schema.getpostman.com/json/collection/v2.1.0/collection.json"
	},
	"item": [
		{
			"name": "Request users Valido",
			"event": [
				{
					"listen": "test",
					"script": {
						"exec": [
							"pm.sendRequest(\"Enviando un request valido para user, 200 OK\", function()\r",
							"{\r",
							"pm.response.to.have.status(200);\r",
							"}\r",
							");\r",
							"\r",
							""
						],
						"type": "text/javascript"
					}
				}
			],
			"protocolProfileBehavior": {
				"disableBodyPruning": true
			},
			"request": {
				"method": "GET",
				"header": [],
				"body": {
					"mode": "raw",
					"raw": "",
					"options": {
						"raw": {
							"language": "json"
						}
					}
				},
				"url": {
					"raw": "{{AuthApi}}{{user}}/10",
					"host": [
						"{{AuthApi}}{{user}}"
					],
					"path": [
						"10"
					]
				}
			},
			"response": []
		},
		{
			"name": "Bad Request users invalido",
			"event": [
				{
					"listen": "test",
					"script": {
						"exec": [
							"pm.sendRequest(\"Enviando un request valido, 200 OK\", function()\r",
							"{\r",
							"pm.response.to.have.status(200);\r",
							"}\r",
							");\r",
							"\r",
							"\r",
							""
						],
						"type": "text/javascript"
					}
				}
			],
			"protocolProfileBehavior": {
				"disableBodyPruning": true
			},
			"request": {
				"method": "GET",
				"header": [],
				"body": {
					"mode": "raw",
					"raw": "",
					"options": {
						"raw": {
							"language": "json"
						}
					}
				},
				"url": {
					"raw": "{{AuthApi}}users/1",
					"host": [
						"{{AuthApi}}users"
					],
					"path": [
						"1"
					]
				}
			},
			"response": []
		}
	]
}