{
	"info": {
		"_postman_id": "82527234-2ca1-45b2-b439-dad960fc67b3",
		"name": "ENDPOINTS_COMMENTS_POSTS_USERS",
		"schema": "https://schema.getpostman.com/json/collection/v2.0.0/collection.json"
	},
	"item": [
		{
			"name": "EP_COMMENTS",
			"event": [
				{
					"listen": "test",
					"script": {
						"exec": [
							"\r",
							"\r",
							"pm.test(\"Que contenga el servidor en la cabecera\", function()\r",
							"{\r",
							"pm.response.to.have.header(\"Server\");\r",
							"}\r",
							");\r",
							"\r",
							"pm.test(\"Request tiempo de respuesta menor a 500ms\", function()\r",
							"{\r",
							"pm.expect(pm.response.responseTime).to.be.below(500)\r",
							"}\r",
							");\r",
							"\r",
							"pm.test(\"Solo recibir numeros\", function()\r",
							"{\r",
							"var jsonData = pm.response.json();    \r",
							"pm.expect(jsonData.id).not.be.string;\r",
							"}\r",
							");\r",
							"\r",
							"pm.test(\"Parametro name menor de 200 caracteres\", function()\r",
							"{\r",
							"var jsonData = pm.response.json();  \r",
							"pm.expect(jsonData.name).to.have.lengthOf.below(200);\r",
							"}\r",
							");\r",
							"\r",
							"pm.test(\"Validar no contenga caracteres especiales en body\", function()\r",
							"{\r",
							"    var jsonData = pm.response.json();  \r",
							"pm.expect(jsonData.body).not.to.contains('symbol');\r",
							"}\r",
							");\r",
							"\r",
							"pm.test(\"Verificar que body no este vacio\", function()\r",
							"{\r",
							"    var jsonData = pm.response.json();  \r",
							"pm.expect(jsonData.body).not.be.null;\r",
							"}\r",
							");\r",
							"\r",
							""
						],
						"type": "text/javascript"
					}
				}
			],
			"protocolProfileBehavior": {
				"disableBodyPruning": true,
				"strictSSL": true
			},
			"request": {
				"method": "GET",
				"header": [],
				"body": {
					"mode": "raw",
					"raw": "",
					"options": {
						"raw": {
							"language": "json"
						}
					}
				},
				"url": "{{AuthApi}}{{com}}/10"
			},
			"response": []
		},
		{
			"name": "EP_USERS_VALIDO",
			"event": [
				{
					"listen": "test",
					"script": {
						"exec": [
							"\r",
							"\r",
							"pm.test(\"Enviando un request valido para user, 200 OK\", function()\r",
							"{\r",
							"pm.response.to.have.status(200);\r",
							"}\r",
							");\r",
							"\r",
							"pm.test(\"Validar que los parametros de company contengan datos \", function()\r",
							"{ \r",
							"    var jsonData = pm.response.json();\r",
							"    pm.expect(jsonData.company.name).not.be.null\r",
							"    pm.expect(jsonData.company.catchPhrase).not.be.null\r",
							"    pm.expect(jsonData.company.bs).not.be.null\r",
							"}\r",
							");\r",
							"\r",
							"pm.test(\"Validar que el nombre no sea igual al username \", function()\r",
							"{\r",
							"var jsonData = pm.response.json();\r",
							"pm.expect(jsonData.name).not.to.eql(jsonData.username);\r",
							"}\r",
							");\r",
							"\r",
							"\r",
							"pm.test(\"Validar que el ID sea 9 \", function()\r",
							"{\r",
							"var jsonData = pm.response.json();\r",
							"pm.expect(jsonData.id).to.eql(9);\r",
							"}\r",
							");\r",
							"\r",
							"\r",
							"pm.test(\"validar que el zipcode no tenga mas de 10 caracteres \", function()\r",
							"{\r",
							"var jsonData = pm.response.json();  \r",
							"pm.expect(jsonData.address.zipcode).to.have.lengthOf.below(11);\r",
							"}\r",
							");\r",
							""
						],
						"type": "text/javascript"
					}
				}
			],
			"protocolProfileBehavior": {
				"disableBodyPruning": true
			},
			"request": {
				"method": "GET",
				"header": [],
				"body": {
					"mode": "raw",
					"raw": "",
					"options": {
						"raw": {
							"language": "json"
						}
					}
				},
				"url": "{{AuthApi}}{{user}}/9"
			},
			"response": []
		},
		{
			"name": "EP_USERS_INVALIDO",
			"event": [
				{
					"listen": "test",
					"script": {
						"exec": [
							"pm.test(\"Enviando un request invalido para users, 404 Bad Request\", function()\r",
							"{\r",
							"    pm.response.to.have.status(404)\r",
							"}\r",
							");\r",
							""
						],
						"type": "text/javascript"
					}
				}
			],
			"protocolProfileBehavior": {
				"disableBodyPruning": true
			},
			"request": {
				"method": "GET",
				"header": [],
				"body": {
					"mode": "raw",
					"raw": "",
					"options": {
						"raw": {
							"language": "json"
						}
					}
				},
				"url": "{{AuthApi}}{{user}}/11"
			},
			"response": []
		},
		{
			"name": "EP_POSTS",
			"event": [
				{
					"listen": "test",
					"script": {
						"exec": [
							"\r",
							"\r",
							"pm.test(\"Request validacion de Id sea 1\", function()\r",
							"{\r",
							"var jsonData = pm.response.json();\r",
							"pm.expect(jsonData.id).to.eql(2);\r",
							"}\r",
							");\r",
							"\r",
							"pm.test(\"Validar ID no tenga caracteres\", function()\r",
							"{\r",
							"var jsonData = pm.response.json();    \r",
							"pm.expect(jsonData.id).not.be.string;\r",
							"}\r",
							");\r",
							"\r",
							"pm.test(\"Validar no contenga caracteres especiales en body\", function()\r",
							"{\r",
							" var jsonData = pm.response.json();   \r",
							"pm.expect(jsonData.body).not.to.contains('symbol');\r",
							"}\r",
							");\r",
							"\r",
							"\r",
							"pm.test(\"Validar que el userId y el Id sean diferentes  \", function()\r",
							"{\r",
							"var jsonData = pm.response.json();\r",
							"pm.expect(jsonData.userId).not.to.eql(jsonData.id);\r",
							"}\r",
							");\r",
							"\r",
							"pm.test(\"validar que el titulo no tenga mas de 100 caracteres \", function()\r",
							"{\r",
							"var jsonData = pm.response.json();  \r",
							"pm.expect(jsonData.title).to.have.lengthOf.below(100);\r",
							"}\r",
							");\r",
							"\r",
							"pm.test(\"validar que el body no tenga mas de 100 caracteres \", function()\r",
							"{\r",
							"var jsonData = pm.response.json();  \r",
							"pm.expect(jsonData.body).to.have.lengthOf.below(500);\r",
							"}\r",
							");\r",
							"\r",
							"\r",
							""
						],
						"type": "text/javascript"
					}
				}
			],
			"protocolProfileBehavior": {
				"disableBodyPruning": true
			},
			"request": {
				"method": "GET",
				"header": [],
				"body": {
					"mode": "raw",
					"raw": "",
					"options": {
						"raw": {
							"language": "json"
						}
					}
				},
				"url": "{{AuthApi}}{{post}}/2"
			},
			"response": []
		}
	]
}